insert into musicAlb (
    album_id, albumName, albumAlias, metaDescr, dateOfCr, albumImg, activeFlag, refreshDate, robIndex, created_by)
values
('E2AB986E-DBFD-4F1E-BF58-6B95FA587EFE', 'ringtones', 'ringtones', 'ringtones', '2023-12-12', 'F829CE91-EB16-484C-A303-A9CC71C13D16.png', '1', '2023-12-11', '1', '1B9D4793-D79A-413C-A705-1A49A297633B'),
('EAF88E0F-2C49-4A10-9969-B31512C7CB2A', 'my-fav-music', 'my-fav-music', 'my-fav-music-ever', '2023-10-06', 'D33102FF-9FC6-4CE4-84A7-5641D94E0312.jpg', '1', '2023-12-12', '0', '1B9D4793-D79A-413C-A705-1A49A297633B');
insert into musicTracks (
    track_id, track_name, track_artist, track_file, loadDate, sortDate, created_by)
values
('7CFAA067-38BA-47CD-BA34-1B5B751DF179', 'Flames', 'David Guetta', '7AB96FE4-389E-459D-8499-33B731EF6EDB.mp3', '2023-12-21', null, '1B9D4793-D79A-413C-A705-1A49A297633B'),
('91B1F18E-8CCC-40A3-BAFE-2CF03603ADD2', 'Counting stars', 'One republic', 'F6BF8574-2077-4893-86A1-525D3079665B.mp3', '2023-10-07', null, '1B9D4793-D79A-413C-A705-1A49A297633B'),
('36D94761-8F2C-41CA-96AA-C5E3A89C93B8', 'Get Lucky', 'Daft Punk', '63BAD95E-7290-46DF-82D5-582F02F5669D.mp3', '2023-12-20', null, '1B9D4793-D79A-413C-A705-1A49A297633B'),
('1401D2E3-DC59-4166-B9C7-A67DA4136992', 'Counting stars -zamona-net', 'One republic', '7EEEF2C0-2EEE-4E89-B0DF-83CF2D0FC07B.mp3', '2023-10-07', null, '1B9D4793-D79A-413C-A705-1A49A297633B'),
('6AFAAAC6-75AC-4A2B-8AC8-D13770266185', 'Sugar', 'Robin Schulz', '71D693AE-43C9-4A60-B9B3-4DD3993AA5CB.mp3', '2023-10-07', null, '1B9D4793-D79A-413C-A705-1A49A297633B'),
('FB1FBFF1-685E-4276-8B8F-C0CA7C1DECD6', 'Cheap thrills', 'Sia', '321EB9B3-D2E0-40D1-9D19-9D989F6ADA60.mp3', '2023-10-07', null, '1B9D4793-D79A-413C-A705-1A49A297633B'),
('00103F98-A2ED-4921-BB38-BE1EF193EE9A', 'Unstoppable', 'Sia', '7A9EEB1F-005A-45B5-8682-744C89F3A289.mp3', '2023-10-07', null, '1B9D4793-D79A-413C-A705-1A49A297633B'),
('5C7D16ED-4197-4D63-9898-9AE9E40257F7', 'Uhn-tiss', 'Bloodhound Gang', 'A350DA0D-494F-476F-B433-092E7688D90B.mp3', '2023-10-07', null, '1B9D4793-D79A-413C-A705-1A49A297633B'),
('23DC838C-0E69-4FA5-A97C-546F6E096536', 'My Favourite Game', 'Cardigans', 'CFB531EE-6AD7-4DCC-B71E-80369536F59C.mp3', '2023-10-07', null, '1B9D4793-D79A-413C-A705-1A49A297633B'),
('07C770B5-EA73-465A-8451-B8B6590C78CD', 'its gonna be ok', 'Robin Schulz', 'CFA2B297-F08C-4C89-B518-9DF4EB8B26EC.mp3', '2023-10-07', null, '1B9D4793-D79A-413C-A705-1A49A297633B'),
('B74814E9-6117-466E-AF87-FCA382F7CB7E', 'Break My Heart', 'Dua Lipa', 'D46DEAC7-3EBB-41EF-8B16-D6B56411AA44.mp3', '2023-10-08', null, '1B9D4793-D79A-413C-A705-1A49A297633B'),
('EFD373C7-9D5B-4333-97F2-112CDA29C3C0', 'hot', 'Parah Dice', '9C41D911-7C35-44F2-95FC-0AA269B07824.mp3', '2023-10-08', null, '1B9D4793-D79A-413C-A705-1A49A297633B'),
('71EC1080-F1F0-4781-8755-61C82D0E94F2', 'Love Is Gone', 'David Guetta', 'FCA4AEF6-4D03-4E01-BE30-6B962002DCC3.mp3', '2023-12-20', null, '1B9D4793-D79A-413C-A705-1A49A297633B'),
('FB597D90-1F56-4512-9FD7-56C251B30C32', 'Non stress', 'Laurent Wolf', 'F513DE72-C107-4552-A46B-0F7B5C502B07.mp3', '2023-10-09', null, '1B9D4793-D79A-413C-A705-1A49A297633B'),
('DB123DC4-1EEE-4DFE-8B8D-9821E19D7E69', 'Till I Collapse', 'Eminem', '29D5C231-AD95-45D2-8056-BA1D0A3F0258.mp3', '2023-10-11', null, '1B9D4793-D79A-413C-A705-1A49A297633B'),
('729E281A-B542-4182-B82D-609D8FAD9B68', 'When We Stand Together', 'Nickelback', 'FED6C2FF-6F5E-432F-BA57-B6D1BE7AA3B9.mp3', '2023-10-11', null, '1B9D4793-D79A-413C-A705-1A49A297633B'),
('023428F5-643F-4FC2-B75F-521F32E6CA77', 'the only thing they fear is you', 'Mick Gordon', '3BFBA9D9-27D8-4E7B-88DB-6E994E86E2CE.mp3', '2023-12-13', null, '1B9D4793-D79A-413C-A705-1A49A297633B'),
('C79750D2-32FD-4639-AEE1-A8B0E37F12C0', 'Hollywood tonight', ' Michael Jackson', '097BACA3-DE7C-4701-AA88-72FC3FBAA305.mp3', '2023-12-19', null, '1B9D4793-D79A-413C-A705-1A49A297633B'),
('45442362-1F7B-45B3-A779-0DF6291EE672', 'Stressed out', 'Twenty One Pilots', '2AD74F1D-F744-4729-8EE7-6308D256B61F.mp3', '2023-12-20', null, '1B9D4793-D79A-413C-A705-1A49A297633B'),
('C1679EB4-EA5F-479D-9CDB-16D2F305F872', 'Get the Party Started', 'Pink', '6677E2E2-F680-45F5-B150-B8B8B439EE88.mp3', '2023-12-20', null, '1B9D4793-D79A-413C-A705-1A49A297633B'),
('C986469A-8BDE-43D3-BAC8-9B6124CAFD00', 'Fix Me', 'Swanky Tunes', 'BC63AFBA-8FCD-4B57-83F2-90A292CF689E.mp3', '2023-12-20', null),
('E7388200-031A-49BD-A0E8-7E38E3E6557C', 'I Will Survive', 'Gloria Gaynor', 'B3A84CAD-CA4A-44F4-A65C-DC9611DF4A91.mp3', '2023-12-20', null, '1B9D4793-D79A-413C-A705-1A49A297633B'),
('885468E3-FF25-420C-8DD1-AA88260BA683', 'Self Control', 'Bebe Rexha', '9E9A9304-8218-4DCB-832D-4455C0B39845.mp3', '2023-12-20', null, '1B9D4793-D79A-413C-A705-1A49A297633B'),
('E2FF8F5A-B275-447D-B091-90D641EAE595', 'Mr Saxobeat', 'Alexandra Stan', '5D2C9B5B-B623-4C57-A742-1BF6C659908A.mp3', '2023-12-20', null, '1B9D4793-D79A-413C-A705-1A49A297633B'),
('9153C2B9-0008-4B3A-A171-2F950F5780E7', 'I will survive', 'Cassette', 'D92EBDC1-6C52-48CC-815E-CDDBF3128EEE.mp3', '2023-12-20', null, '1B9D4793-D79A-413C-A705-1A49A297633B'),
('BBD76B46-8A9D-4CD3-B386-DE91B9C8DCFA', 'Cant Remember To Forget You', 'Shakira – Rihanna', 'D4A5C47E-1D78-42AE-9E50-740AB4987698.mp3', '2023-12-20', null, '1B9D4793-D79A-413C-A705-1A49A297633B'),
('1FEE3617-0D3A-4063-AF72-3A0CBBF23D88', 'Green Hornet', 'Kill Bill', '6F49BCA0-EA32-4C20-BAEB-5A1D048303AF.mp3', '2024-01-05', null, '1B9D4793-D79A-413C-A705-1A49A297633B'),
('78070764-E952-401C-995C-4DA62C705C29', 'Flip Sting', 'Kill Bill', 'A4C9EF53-F207-4508-978E-0CE9AFB1F753.mp3', '2024-01-05', null, '1B9D4793-D79A-413C-A705-1A49A297633B'),
('2278F438-17A9-487B-BE55-85088A4683B8', 'Have a nice day', 'Bon Jovi', 'C6F73485-7D4A-40AC-9C21-2F86F78801BA.mp3', '2024-02-06', null, '1B9D4793-D79A-413C-A705-1A49A297633B'),
('DBFC60AA-8225-4C3C-B8F0-96560057CA65', 'Gangsta', 'Coolio', 'B40D18A8-C4B1-4753-9577-C30AE074C245.mp3', '2024-04-09', null, '1B9D4793-D79A-413C-A705-1A49A297633B'),
('1042DF09-6582-4752-A7EC-CF0BE9C3BE68', 'I kissed girl', 'Katy Perry', 'E210332C-162B-4361-B086-74724DC9065A.mp3', '2024-04-09', null, '1B9D4793-D79A-413C-A705-1A49A297633B'),
('82DB889F-7AD0-4082-94C9-64C211789930', 'Dont Worry, Be Happy', 'Bobbi Makferrin', 'E8A30193-80F4-480A-9CCA-1414DCDEB2C1.mp3', '2024-05-21', null, '1B9D4793-D79A-413C-A705-1A49A297633B'),
('6527727B-26BF-48E2-9D90-8326933C49AC', 'la-la-la', 'Naughty Boy', 'B136272A-551E-4A17-9FDC-587E7B6AAB95.mp3', '2024-05-21', null, '1B9D4793-D79A-413C-A705-1A49A297633B');

insert into musicTracksToAlb (
    track_id, album_id, comment, sortDate, mActive, created_by)
values
('023428F5-643F-4FC2-B75F-521F32E6CA77', 'E2AB986E-DBFD-4F1E-BF58-6B95FA587EFE', null, '0000-00-00', '1', '1B9D4793-D79A-413C-A705-1A49A297633B'),
('78070764-E952-401C-995C-4DA62C705C29', 'E2AB986E-DBFD-4F1E-BF58-6B95FA587EFE', null, '0000-00-00', '1', '1B9D4793-D79A-413C-A705-1A49A297633B'),
('1FEE3617-0D3A-4063-AF72-3A0CBBF23D88', 'E2AB986E-DBFD-4F1E-BF58-6B95FA587EFE', null, '0000-00-00', '1', '1B9D4793-D79A-413C-A705-1A49A297633B'),
('EFD373C7-9D5B-4333-97F2-112CDA29C3C0', 'EAF88E0F-2C49-4A10-9969-B31512C7CB2A', null, null, '1', '1B9D4793-D79A-413C-A705-1A49A297633B'),
('5C7D16ED-4197-4D63-9898-9AE9E40257F7', 'EAF88E0F-2C49-4A10-9969-B31512C7CB2A', null, '2023-12-19', '0', '1B9D4793-D79A-413C-A705-1A49A297633B'),
('885468E3-FF25-420C-8DD1-AA88260BA683', 'EAF88E0F-2C49-4A10-9969-B31512C7CB2A', null, '2023-12-24', '1', '1B9D4793-D79A-413C-A705-1A49A297633B'),
('91B1F18E-8CCC-40A3-BAFE-2CF03603ADD2', 'EAF88E0F-2C49-4A10-9969-B31512C7CB2A', null, null, '0', '1B9D4793-D79A-413C-A705-1A49A297633B'),
('6AFAAAC6-75AC-4A2B-8AC8-D13770266185', 'EAF88E0F-2C49-4A10-9969-B31512C7CB2A', null, '2023-12-16', '0', '1B9D4793-D79A-413C-A705-1A49A297633B'),
('07C770B5-EA73-465A-8451-B8B6590C78CD', 'EAF88E0F-2C49-4A10-9969-B31512C7CB2A', null, null, '0', '1B9D4793-D79A-413C-A705-1A49A297633B'),
('23DC838C-0E69-4FA5-A97C-546F6E096536', 'EAF88E0F-2C49-4A10-9969-B31512C7CB2A', null, '2023-12-19', '0', '1B9D4793-D79A-413C-A705-1A49A297633B'),
('FB1FBFF1-685E-4276-8B8F-C0CA7C1DECD6', 'EAF88E0F-2C49-4A10-9969-B31512C7CB2A', null, null, '0', '1B9D4793-D79A-413C-A705-1A49A297633B'),
('00103F98-A2ED-4921-BB38-BE1EF193EE9A', 'EAF88E0F-2C49-4A10-9969-B31512C7CB2A', null, '2023-12-20', '0', '1B9D4793-D79A-413C-A705-1A49A297633B'),
('FB597D90-1F56-4512-9FD7-56C251B30C32', 'EAF88E0F-2C49-4A10-9969-B31512C7CB2A', 'test-1', null, null, '1B9D4793-D79A-413C-A705-1A49A297633B'),
('C79750D2-32FD-4639-AEE1-A8B0E37F12C0', 'EAF88E0F-2C49-4A10-9969-B31512C7CB2A', null, '2023-12-14', '1', '1B9D4793-D79A-413C-A705-1A49A297633B'),
('71EC1080-F1F0-4781-8755-61C82D0E94F2', 'EAF88E0F-2C49-4A10-9969-B31512C7CB2A', null, null, '1', '1B9D4793-D79A-413C-A705-1A49A297633B'),
('2278F438-17A9-487B-BE55-85088A4683B8', 'EAF88E0F-2C49-4A10-9969-B31512C7CB2A', null, '0000-00-00', '1', '1B9D4793-D79A-413C-A705-1A49A297633B'),
('B74814E9-6117-466E-AF87-FCA382F7CB7E', 'EAF88E0F-2C49-4A10-9969-B31512C7CB2A', null, '0000-00-00', '1', '1B9D4793-D79A-413C-A705-1A49A297633B'),
('729E281A-B542-4182-B82D-609D8FAD9B68', 'EAF88E0F-2C49-4A10-9969-B31512C7CB2A', null, '0000-00-00', '1', '1B9D4793-D79A-413C-A705-1A49A297633B'),
('DB123DC4-1EEE-4DFE-8B8D-9821E19D7E69', 'EAF88E0F-2C49-4A10-9969-B31512C7CB2A', null, '0000-00-00', '1', '1B9D4793-D79A-413C-A705-1A49A297633B'),
('36D94761-8F2C-41CA-96AA-C5E3A89C93B8', 'EAF88E0F-2C49-4A10-9969-B31512C7CB2A', null, '0000-00-00', '1', '1B9D4793-D79A-413C-A705-1A49A297633B'),
('01069C2C-F582-413A-B912-64B4A62B166C', 'EAF88E0F-2C49-4A10-9969-B31512C7CB2A', null, '0000-00-00', '1', '1B9D4793-D79A-413C-A705-1A49A297633B'),
('E2FF8F5A-B275-447D-B091-90D641EAE595', 'EAF88E0F-2C49-4A10-9969-B31512C7CB2A', null, '0000-00-00', '1', '1B9D4793-D79A-413C-A705-1A49A297633B'),
('7CFAA067-38BA-47CD-BA34-1B5B751DF179', 'EAF88E0F-2C49-4A10-9969-B31512C7CB2A', null, '0000-00-00', '1', '1B9D4793-D79A-413C-A705-1A49A297633B'),
('C1679EB4-EA5F-479D-9CDB-16D2F305F872', 'EAF88E0F-2C49-4A10-9969-B31512C7CB2A', null, '0000-00-00', '1', '1B9D4793-D79A-413C-A705-1A49A297633B'),
('C986469A-8BDE-43D3-BAC8-9B6124CAFD00', 'EAF88E0F-2C49-4A10-9969-B31512C7CB2A', null, '0000-00-00', '1', '1B9D4793-D79A-413C-A705-1A49A297633B'),
('DBFC60AA-8225-4C3C-B8F0-96560057CA65', 'EAF88E0F-2C49-4A10-9969-B31512C7CB2A', null, '0000-00-00', '1', '1B9D4793-D79A-413C-A705-1A49A297633B'),
('1042DF09-6582-4752-A7EC-CF0BE9C3BE68', 'EAF88E0F-2C49-4A10-9969-B31512C7CB2A', null, null, '1', '1B9D4793-D79A-413C-A705-1A49A297633B'),
('6527727B-26BF-48E2-9D90-8326933C49AC', 'EAF88E0F-2C49-4A10-9969-B31512C7CB2A', null, '0000-00-00', '1', '1B9D4793-D79A-413C-A705-1A49A297633B'),
('82DB889F-7AD0-4082-94C9-64C211789930', 'EAF88E0F-2C49-4A10-9969-B31512C7CB2A', null, '0000-00-00', '1', '1B9D4793-D79A-413C-A705-1A49A297633B');