insert into rjt_musicAlb (
album_id, albumName, albumAlias, metaDescr, dateOfCr, albumImg, activeFlag, refreshDate, robIndex, created_by)
 values 
('9421F54E-EA85-4E3E-8053-B77E895F5B43', 'fav-pop-music-2024', 'fav-pop-music-2024', null, '2024-05-07', null, '1', '2024-05-07', '1', 'DE00211A-0718-41E7-B3FC-C9C0A37BEC5E'), 
('EC2737B1-3D93-4F6E-ADA1-AD8E54B88DD0', 'ringtones', 'ringtones', 'ringtones user-1', '2024-05-22', null, '1', '2024-04-04', '1', '7C3B7D9B-A59C-4772-AB31-0898DD2BDB2A'), 
('5584D18C-8FD3-4E1C-B772-FA28C64E9D06', 'my-fav-2023', 'my-fav-2023', 'fav in 2023', '2024-04-13', null, '1', '2024-05-04', '1', '7C3B7D9B-A59C-4772-AB31-0898DD2BDB2A'), 
('E428BAA2-23FC-4794-8B4C-C99B92B582C4', 'random-alb-1', 'random-alb-1', null, '2024-03-07', null, '1', '2024-05-17', '1', 'DE00211A-0718-41E7-B3FC-C9C0A37BEC5E'), 
('883C856A-84C8-4279-A473-ED27FD1BF2E7', 'rock-n-roll-1', 'rock-n-roll-1', null, '2024-04-28', null, '1', '2024-04-28', '1', '826604F6-5D17-4504-BF3F-A748E006F9C0'), 
('D1CAB663-CA9D-477A-9ECD-49812D04C743', 'pop-music', 'pop-music', null, '2024-05-12', null, '1', '2024-05-12', '1', '7C3B7D9B-A59C-4772-AB31-0898DD2BDB2A'), 
('C51FD948-04B4-4044-8967-2EAE2300DA3E', 'fav-pop-music', 'fav-pop-music', null, '2024-05-14', null, '1', '2024-05-14', '1', 'B4366FAF-EDDD-46E1-A50A-30ED5AE49D70'), 
('4BFED113-55BA-4F02-BD60-48FFB379FBA0', 'garage-1', 'garage-1', null, '2024-05-06', null, '1', '2024-05-06', '1', 'DE00211A-0718-41E7-B3FC-C9C0A37BEC5E'), 
('C7685588-FCE5-4EAD-AEA6-163B00A1EC2F', 'garage-friday', 'garage-friday', null, '2024-05-04', null, '1', '2024-05-04', '1', '7C3B7D9B-A59C-4772-AB31-0898DD2BDB2A'), 
('7AB8A943-700C-4641-98F1-62DE66492136', 'trip to moscow', 'trip-to-moscow', null, '2024-03-21', null, '1', '2024-03-21', '1', '826604F6-5D17-4504-BF3F-A748E006F9C0'), 
('0DECEF5A-9EE4-46E3-A413-8312B9C401A8', 'test-album', 'test-album', 'test-album', '2024-05-22', null, '1', '2024-05-22', '1', '7C3B7D9B-A59C-4772-AB31-0898DD2BDB2A'), 
('8A021E4E-0030-4558-951D-FE69781B622D', 'random-alb-2', 'random-alb-2', 'random-alb-2', '2024-05-08', null, '1', '2024-05-08', '1', '7C3B7D9B-A59C-4772-AB31-0898DD2BDB2A'), 
('EBDA3819-3B78-413D-9F36-103A62AF2CCD', 'album-test', 'album-test', 'album-test', '2024-05-22', null, '1', '2024-05-22', '1', 'B4366FAF-EDDD-46E1-A50A-30ED5AE49D70');
insert into rjt_musicTracks (
track_id, track_name, track_artist, track_file, loadDate, sortDate, created_by)
 values 
('7CFAA067-38BA-47CD-BA34-1B5B751DF179', 'Flames', 'David Guetta', '7AB96FE4-389E-459D-8499-33B731EF6EDB.mp3', '2023-12-21', null, '826604F6-5D17-4504-BF3F-A748E006F9C0'), 
('91B1F18E-8CCC-40A3-BAFE-2CF03603ADD2', 'Counting stars', 'One republic', 'F6BF8574-2077-4893-86A1-525D3079665B.mp3', '2023-10-07', null, 'DE00211A-0718-41E7-B3FC-C9C0A37BEC5E'), 
('36D94761-8F2C-41CA-96AA-C5E3A89C93B8', 'Get Lucky', 'Daft Punk', '63BAD95E-7290-46DF-82D5-582F02F5669D.mp3', '2023-12-20', null, 'DE00211A-0718-41E7-B3FC-C9C0A37BEC5E'), 
('1401D2E3-DC59-4166-B9C7-A67DA4136992', 'Counting stars -zamona-net', 'One republic', '7EEEF2C0-2EEE-4E89-B0DF-83CF2D0FC07B.mp3', '2023-10-07', null, 'DE00211A-0718-41E7-B3FC-C9C0A37BEC5E'), 
('6AFAAAC6-75AC-4A2B-8AC8-D13770266185', 'Sugar', 'Robin Schulz', '71D693AE-43C9-4A60-B9B3-4DD3993AA5CB.mp3', '2023-10-07', null, 'B4366FAF-EDDD-46E1-A50A-30ED5AE49D70'), 
('FB1FBFF1-685E-4276-8B8F-C0CA7C1DECD6', 'Cheap thrills', 'Sia', '321EB9B3-D2E0-40D1-9D19-9D989F6ADA60.mp3', '2023-10-07', null, 'B4366FAF-EDDD-46E1-A50A-30ED5AE49D70'), 
('00103F98-A2ED-4921-BB38-BE1EF193EE9A', 'Unstoppable', 'Sia', '7A9EEB1F-005A-45B5-8682-744C89F3A289.mp3', '2023-10-07', null, 'DE00211A-0718-41E7-B3FC-C9C0A37BEC5E'), 
('5C7D16ED-4197-4D63-9898-9AE9E40257F7', 'Uhn-tiss', 'Bloodhound Gang', 'A350DA0D-494F-476F-B433-092E7688D90B.mp3', '2023-10-07', null, 'B4366FAF-EDDD-46E1-A50A-30ED5AE49D70'), 
('23DC838C-0E69-4FA5-A97C-546F6E096536', 'My Favourite Game', 'Cardigans', 'CFB531EE-6AD7-4DCC-B71E-80369536F59C.mp3', '2023-10-07', null, 'B4366FAF-EDDD-46E1-A50A-30ED5AE49D70'), 
('07C770B5-EA73-465A-8451-B8B6590C78CD', 'its gonna be ok', 'Robin Schulz', 'CFA2B297-F08C-4C89-B518-9DF4EB8B26EC.mp3', '2023-10-07', null, '7C3B7D9B-A59C-4772-AB31-0898DD2BDB2A'), 
('B74814E9-6117-466E-AF87-FCA382F7CB7E', 'Break My Heart', 'Dua Lipa', 'D46DEAC7-3EBB-41EF-8B16-D6B56411AA44.mp3', '2023-10-08', null, 'DE00211A-0718-41E7-B3FC-C9C0A37BEC5E'), 
('EFD373C7-9D5B-4333-97F2-112CDA29C3C0', 'hot', 'Parah Dice', '9C41D911-7C35-44F2-95FC-0AA269B07824.mp3', '2023-10-08', null, 'DE00211A-0718-41E7-B3FC-C9C0A37BEC5E'), 
('71EC1080-F1F0-4781-8755-61C82D0E94F2', 'Love Is Gone', 'David Guetta', 'FCA4AEF6-4D03-4E01-BE30-6B962002DCC3.mp3', '2023-12-20', null, 'DE00211A-0718-41E7-B3FC-C9C0A37BEC5E'), 
('FB597D90-1F56-4512-9FD7-56C251B30C32', 'Non stress', 'Laurent Wolf', 'F513DE72-C107-4552-A46B-0F7B5C502B07.mp3', '2023-10-09', null, 'DE00211A-0718-41E7-B3FC-C9C0A37BEC5E'), 
('DB123DC4-1EEE-4DFE-8B8D-9821E19D7E69', 'Till I Collapse', 'Eminem', '29D5C231-AD95-45D2-8056-BA1D0A3F0258.mp3', '2023-10-11', null, 'DE00211A-0718-41E7-B3FC-C9C0A37BEC5E'), 
('729E281A-B542-4182-B82D-609D8FAD9B68', 'When We Stand Together', 'Nickelback', 'FED6C2FF-6F5E-432F-BA57-B6D1BE7AA3B9.mp3', '2023-10-11', null, 'DE00211A-0718-41E7-B3FC-C9C0A37BEC5E'), 
('023428F5-643F-4FC2-B75F-521F32E6CA77', 'the only thing they fear is you', 'Mick Gordon', '3BFBA9D9-27D8-4E7B-88DB-6E994E86E2CE.mp3', '2023-12-13', null, '7C3B7D9B-A59C-4772-AB31-0898DD2BDB2A'), 
('C79750D2-32FD-4639-AEE1-A8B0E37F12C0', 'Hollywood tonight', ' Michael Jackson', '097BACA3-DE7C-4701-AA88-72FC3FBAA305.mp3', '2023-12-19', null, '826604F6-5D17-4504-BF3F-A748E006F9C0'), 
('45442362-1F7B-45B3-A779-0DF6291EE672', 'Stressed out', 'Twenty One Pilots', '2AD74F1D-F744-4729-8EE7-6308D256B61F.mp3', '2023-12-20', null, 'B4366FAF-EDDD-46E1-A50A-30ED5AE49D70'), 
('C1679EB4-EA5F-479D-9CDB-16D2F305F872', 'Get the Party Started', 'Pink', '6677E2E2-F680-45F5-B150-B8B8B439EE88.mp3', '2023-12-20', null, '7C3B7D9B-A59C-4772-AB31-0898DD2BDB2A'), 
('C986469A-8BDE-43D3-BAC8-9B6124CAFD00', 'Fix Me', 'Swanky Tunes', 'BC63AFBA-8FCD-4B57-83F2-90A292CF689E.mp3', '2023-12-20', null, '826604F6-5D17-4504-BF3F-A748E006F9C0'), 
('E7388200-031A-49BD-A0E8-7E38E3E6557C', 'I Will Survive', 'Gloria Gaynor', 'B3A84CAD-CA4A-44F4-A65C-DC9611DF4A91.mp3', '2023-12-20', null, 'B4366FAF-EDDD-46E1-A50A-30ED5AE49D70'), 
('885468E3-FF25-420C-8DD1-AA88260BA683', 'Self Control', 'Bebe Rexha', '9E9A9304-8218-4DCB-832D-4455C0B39845.mp3', '2023-12-20', null, '7C3B7D9B-A59C-4772-AB31-0898DD2BDB2A'), 
('E2FF8F5A-B275-447D-B091-90D641EAE595', 'Mr Saxobeat', 'Alexandra Stan', '5D2C9B5B-B623-4C57-A742-1BF6C659908A.mp3', '2023-12-20', null, '7C3B7D9B-A59C-4772-AB31-0898DD2BDB2A'), 
('9153C2B9-0008-4B3A-A171-2F950F5780E7', 'I will survive', 'Cassette', 'D92EBDC1-6C52-48CC-815E-CDDBF3128EEE.mp3', '2023-12-20', null, '7C3B7D9B-A59C-4772-AB31-0898DD2BDB2A'), 
('BBD76B46-8A9D-4CD3-B386-DE91B9C8DCFA', 'Cant Remember To Forget You', 'Shakira – Rihanna', 'D4A5C47E-1D78-42AE-9E50-740AB4987698.mp3', '2023-12-20', null, '7C3B7D9B-A59C-4772-AB31-0898DD2BDB2A'), 
('1FEE3617-0D3A-4063-AF72-3A0CBBF23D88', 'Green Hornet', 'Kill Bill', '6F49BCA0-EA32-4C20-BAEB-5A1D048303AF.mp3', '2024-01-05', null, '7C3B7D9B-A59C-4772-AB31-0898DD2BDB2A'), 
('78070764-E952-401C-995C-4DA62C705C29', 'Flip Sting', 'Kill Bill', 'A4C9EF53-F207-4508-978E-0CE9AFB1F753.mp3', '2024-01-05', null, '826604F6-5D17-4504-BF3F-A748E006F9C0'), 
('2278F438-17A9-487B-BE55-85088A4683B8', 'Have a nice day', 'Bon Jovi', 'C6F73485-7D4A-40AC-9C21-2F86F78801BA.mp3', '2024-02-06', null, 'B4366FAF-EDDD-46E1-A50A-30ED5AE49D70'), 
('DBFC60AA-8225-4C3C-B8F0-96560057CA65', 'Gangsta', 'Coolio', 'B40D18A8-C4B1-4753-9577-C30AE074C245.mp3', '2024-04-09', null, '826604F6-5D17-4504-BF3F-A748E006F9C0'), 
('1042DF09-6582-4752-A7EC-CF0BE9C3BE68', 'I kissed girl', 'Katy Perry', 'E210332C-162B-4361-B086-74724DC9065A.mp3', '2024-04-09', null, '826604F6-5D17-4504-BF3F-A748E006F9C0'), 
('82DB889F-7AD0-4082-94C9-64C211789930', 'Dont Worry, Be Happy', 'Bobbi Makferrin', 'E8A30193-80F4-480A-9CCA-1414DCDEB2C1.mp3', '2024-05-21', null, '826604F6-5D17-4504-BF3F-A748E006F9C0'), 
('6527727B-26BF-48E2-9D90-8326933C49AC', 'la-la-la', 'Naughty Boy', 'B136272A-551E-4A17-9FDC-587E7B6AAB95.mp3', '2024-05-21', null, 'DE00211A-0718-41E7-B3FC-C9C0A37BEC5E');
insert into rjt_musictrackstoalb (
track_id, album_id, comment, sortDate, mActive, created_by)
 values 
('C1679EB4-EA5F-479D-9CDB-16D2F305F872', '9421F54E-EA85-4E3E-8053-B77E895F5B43', null, '2024-06-02', '1', 'DE00211A-0718-41E7-B3FC-C9C0A37BEC5E'), 
('FB1FBFF1-685E-4276-8B8F-C0CA7C1DECD6', '9421F54E-EA85-4E3E-8053-B77E895F5B43', null, '2024-06-06', '1', 'DE00211A-0718-41E7-B3FC-C9C0A37BEC5E'), 
('36D94761-8F2C-41CA-96AA-C5E3A89C93B8', '9421F54E-EA85-4E3E-8053-B77E895F5B43', null, '2024-05-20', '1', 'DE00211A-0718-41E7-B3FC-C9C0A37BEC5E'), 
('C79750D2-32FD-4639-AEE1-A8B0E37F12C0', '9421F54E-EA85-4E3E-8053-B77E895F5B43', null, '2024-05-11', '1', 'DE00211A-0718-41E7-B3FC-C9C0A37BEC5E'), 
('45442362-1F7B-45B3-A779-0DF6291EE672', '9421F54E-EA85-4E3E-8053-B77E895F5B43', null, '2024-05-22', '1', 'DE00211A-0718-41E7-B3FC-C9C0A37BEC5E'), 
('23DC838C-0E69-4FA5-A97C-546F6E096536', '9421F54E-EA85-4E3E-8053-B77E895F5B43', null, '2024-06-06', '1', 'DE00211A-0718-41E7-B3FC-C9C0A37BEC5E'), 
('E2FF8F5A-B275-447D-B091-90D641EAE595', '9421F54E-EA85-4E3E-8053-B77E895F5B43', null, '2024-05-31', '1', 'DE00211A-0718-41E7-B3FC-C9C0A37BEC5E'), 
('5C7D16ED-4197-4D63-9898-9AE9E40257F7', '9421F54E-EA85-4E3E-8053-B77E895F5B43', null, '2024-05-30', '1', 'DE00211A-0718-41E7-B3FC-C9C0A37BEC5E'), 
('E7388200-031A-49BD-A0E8-7E38E3E6557C', '9421F54E-EA85-4E3E-8053-B77E895F5B43', null, '2024-05-12', '1', 'DE00211A-0718-41E7-B3FC-C9C0A37BEC5E'), 
('2278F438-17A9-487B-BE55-85088A4683B8', '9421F54E-EA85-4E3E-8053-B77E895F5B43', null, '2024-05-16', '1', 'DE00211A-0718-41E7-B3FC-C9C0A37BEC5E'), 
('23DC838C-0E69-4FA5-A97C-546F6E096536', 'EC2737B1-3D93-4F6E-ADA1-AD8E54B88DD0', null, '2024-06-01', '1', '7C3B7D9B-A59C-4772-AB31-0898DD2BDB2A'), 
('07C770B5-EA73-465A-8451-B8B6590C78CD', '5584D18C-8FD3-4E1C-B772-FA28C64E9D06', null, '2024-04-29', '1', '7C3B7D9B-A59C-4772-AB31-0898DD2BDB2A'), 
('82DB889F-7AD0-4082-94C9-64C211789930', '5584D18C-8FD3-4E1C-B772-FA28C64E9D06', null, '2024-05-03', '1', '7C3B7D9B-A59C-4772-AB31-0898DD2BDB2A'), 
('91B1F18E-8CCC-40A3-BAFE-2CF03603ADD2', '5584D18C-8FD3-4E1C-B772-FA28C64E9D06', null, '2024-05-04', '1', '7C3B7D9B-A59C-4772-AB31-0898DD2BDB2A'), 
('45442362-1F7B-45B3-A779-0DF6291EE672', '5584D18C-8FD3-4E1C-B772-FA28C64E9D06', null, '2024-05-10', '1', '7C3B7D9B-A59C-4772-AB31-0898DD2BDB2A'), 
('6AFAAAC6-75AC-4A2B-8AC8-D13770266185', '5584D18C-8FD3-4E1C-B772-FA28C64E9D06', null, '2024-04-14', '1', '7C3B7D9B-A59C-4772-AB31-0898DD2BDB2A'), 
('EFD373C7-9D5B-4333-97F2-112CDA29C3C0', '5584D18C-8FD3-4E1C-B772-FA28C64E9D06', null, '2024-04-29', '1', '7C3B7D9B-A59C-4772-AB31-0898DD2BDB2A'), 
('885468E3-FF25-420C-8DD1-AA88260BA683', '5584D18C-8FD3-4E1C-B772-FA28C64E9D06', null, '2024-04-24', '1', '7C3B7D9B-A59C-4772-AB31-0898DD2BDB2A'), 
('E7388200-031A-49BD-A0E8-7E38E3E6557C', '5584D18C-8FD3-4E1C-B772-FA28C64E9D06', null, '2024-04-15', '1', '7C3B7D9B-A59C-4772-AB31-0898DD2BDB2A'), 
('6527727B-26BF-48E2-9D90-8326933C49AC', '5584D18C-8FD3-4E1C-B772-FA28C64E9D06', null, '2024-04-18', '1', '7C3B7D9B-A59C-4772-AB31-0898DD2BDB2A'), 
('1042DF09-6582-4752-A7EC-CF0BE9C3BE68', '5584D18C-8FD3-4E1C-B772-FA28C64E9D06', null, '2024-05-01', '1', '7C3B7D9B-A59C-4772-AB31-0898DD2BDB2A'), 
('023428F5-643F-4FC2-B75F-521F32E6CA77', '5584D18C-8FD3-4E1C-B772-FA28C64E9D06', null, '2024-04-17', '1', '7C3B7D9B-A59C-4772-AB31-0898DD2BDB2A'), 
('23DC838C-0E69-4FA5-A97C-546F6E096536', '5584D18C-8FD3-4E1C-B772-FA28C64E9D06', null, '2024-05-05', '1', '7C3B7D9B-A59C-4772-AB31-0898DD2BDB2A'), 
('2278F438-17A9-487B-BE55-85088A4683B8', '5584D18C-8FD3-4E1C-B772-FA28C64E9D06', null, '2024-04-23', '1', '7C3B7D9B-A59C-4772-AB31-0898DD2BDB2A'), 
('C1679EB4-EA5F-479D-9CDB-16D2F305F872', '5584D18C-8FD3-4E1C-B772-FA28C64E9D06', null, '2024-04-18', '1', '7C3B7D9B-A59C-4772-AB31-0898DD2BDB2A'), 
('C986469A-8BDE-43D3-BAC8-9B6124CAFD00', '5584D18C-8FD3-4E1C-B772-FA28C64E9D06', null, '2024-05-13', '1', '7C3B7D9B-A59C-4772-AB31-0898DD2BDB2A'), 
('7CFAA067-38BA-47CD-BA34-1B5B751DF179', '5584D18C-8FD3-4E1C-B772-FA28C64E9D06', null, '2024-05-08', '1', '7C3B7D9B-A59C-4772-AB31-0898DD2BDB2A'), 
('9153C2B9-0008-4B3A-A171-2F950F5780E7', '5584D18C-8FD3-4E1C-B772-FA28C64E9D06', null, '2024-05-07', '1', '7C3B7D9B-A59C-4772-AB31-0898DD2BDB2A'), 
('36D94761-8F2C-41CA-96AA-C5E3A89C93B8', '5584D18C-8FD3-4E1C-B772-FA28C64E9D06', null, '2024-05-13', '1', '7C3B7D9B-A59C-4772-AB31-0898DD2BDB2A'), 
('BBD76B46-8A9D-4CD3-B386-DE91B9C8DCFA', '5584D18C-8FD3-4E1C-B772-FA28C64E9D06', null, '2024-04-13', '1', '7C3B7D9B-A59C-4772-AB31-0898DD2BDB2A'), 
('FB597D90-1F56-4512-9FD7-56C251B30C32', '5584D18C-8FD3-4E1C-B772-FA28C64E9D06', null, '2024-05-13', '1', '7C3B7D9B-A59C-4772-AB31-0898DD2BDB2A'), 
('71EC1080-F1F0-4781-8755-61C82D0E94F2', '5584D18C-8FD3-4E1C-B772-FA28C64E9D06', null, '2024-05-03', '1', '7C3B7D9B-A59C-4772-AB31-0898DD2BDB2A'), 
('00103F98-A2ED-4921-BB38-BE1EF193EE9A', '5584D18C-8FD3-4E1C-B772-FA28C64E9D06', null, '2024-04-15', '1', '7C3B7D9B-A59C-4772-AB31-0898DD2BDB2A'), 
('DB123DC4-1EEE-4DFE-8B8D-9821E19D7E69', '5584D18C-8FD3-4E1C-B772-FA28C64E9D06', null, '2024-04-19', '1', '7C3B7D9B-A59C-4772-AB31-0898DD2BDB2A'), 
('2278F438-17A9-487B-BE55-85088A4683B8', 'E428BAA2-23FC-4794-8B4C-C99B92B582C4', null, '2024-03-12', '1', 'DE00211A-0718-41E7-B3FC-C9C0A37BEC5E'), 
('FB597D90-1F56-4512-9FD7-56C251B30C32', 'E428BAA2-23FC-4794-8B4C-C99B92B582C4', null, '2024-03-27', '1', 'DE00211A-0718-41E7-B3FC-C9C0A37BEC5E'), 
('07C770B5-EA73-465A-8451-B8B6590C78CD', 'E428BAA2-23FC-4794-8B4C-C99B92B582C4', null, '2024-04-05', '1', 'DE00211A-0718-41E7-B3FC-C9C0A37BEC5E'), 
('6527727B-26BF-48E2-9D90-8326933C49AC', 'E428BAA2-23FC-4794-8B4C-C99B92B582C4', null, '2024-03-11', '1', 'DE00211A-0718-41E7-B3FC-C9C0A37BEC5E'), 
('82DB889F-7AD0-4082-94C9-64C211789930', 'D1CAB663-CA9D-477A-9ECD-49812D04C743', null, '2024-05-30', '1', '7C3B7D9B-A59C-4772-AB31-0898DD2BDB2A'), 
('FB597D90-1F56-4512-9FD7-56C251B30C32', 'D1CAB663-CA9D-477A-9ECD-49812D04C743', null, '2024-05-15', '1', '7C3B7D9B-A59C-4772-AB31-0898DD2BDB2A'), 
('6AFAAAC6-75AC-4A2B-8AC8-D13770266185', 'D1CAB663-CA9D-477A-9ECD-49812D04C743', null, '2024-06-07', '1', '7C3B7D9B-A59C-4772-AB31-0898DD2BDB2A'), 
('1FEE3617-0D3A-4063-AF72-3A0CBBF23D88', 'D1CAB663-CA9D-477A-9ECD-49812D04C743', null, '2024-06-05', '1', '7C3B7D9B-A59C-4772-AB31-0898DD2BDB2A'), 
('1042DF09-6582-4752-A7EC-CF0BE9C3BE68', 'D1CAB663-CA9D-477A-9ECD-49812D04C743', null, '2024-05-16', '1', '7C3B7D9B-A59C-4772-AB31-0898DD2BDB2A'), 
('07C770B5-EA73-465A-8451-B8B6590C78CD', 'D1CAB663-CA9D-477A-9ECD-49812D04C743', null, '2024-06-04', '1', '7C3B7D9B-A59C-4772-AB31-0898DD2BDB2A'), 
('B74814E9-6117-466E-AF87-FCA382F7CB7E', 'D1CAB663-CA9D-477A-9ECD-49812D04C743', null, '2024-05-13', '1', '7C3B7D9B-A59C-4772-AB31-0898DD2BDB2A'), 
('C79750D2-32FD-4639-AEE1-A8B0E37F12C0', 'D1CAB663-CA9D-477A-9ECD-49812D04C743', null, '2024-06-10', '1', '7C3B7D9B-A59C-4772-AB31-0898DD2BDB2A'), 
('E2FF8F5A-B275-447D-B091-90D641EAE595', 'D1CAB663-CA9D-477A-9ECD-49812D04C743', null, '2024-05-27', '1', '7C3B7D9B-A59C-4772-AB31-0898DD2BDB2A'), 
('23DC838C-0E69-4FA5-A97C-546F6E096536', 'D1CAB663-CA9D-477A-9ECD-49812D04C743', null, '2024-05-30', '1', '7C3B7D9B-A59C-4772-AB31-0898DD2BDB2A'), 
('C986469A-8BDE-43D3-BAC8-9B6124CAFD00', 'D1CAB663-CA9D-477A-9ECD-49812D04C743', null, '2024-06-04', '1', '7C3B7D9B-A59C-4772-AB31-0898DD2BDB2A'), 
('2278F438-17A9-487B-BE55-85088A4683B8', 'D1CAB663-CA9D-477A-9ECD-49812D04C743', null, '2024-05-25', '1', '7C3B7D9B-A59C-4772-AB31-0898DD2BDB2A'), 
('E7388200-031A-49BD-A0E8-7E38E3E6557C', 'D1CAB663-CA9D-477A-9ECD-49812D04C743', null, '2024-06-09', '1', '7C3B7D9B-A59C-4772-AB31-0898DD2BDB2A'), 
('729E281A-B542-4182-B82D-609D8FAD9B68', 'D1CAB663-CA9D-477A-9ECD-49812D04C743', null, '2024-05-16', '1', '7C3B7D9B-A59C-4772-AB31-0898DD2BDB2A'), 
('6527727B-26BF-48E2-9D90-8326933C49AC', 'D1CAB663-CA9D-477A-9ECD-49812D04C743', null, '2024-05-28', '1', '7C3B7D9B-A59C-4772-AB31-0898DD2BDB2A'), 
('7CFAA067-38BA-47CD-BA34-1B5B751DF179', 'D1CAB663-CA9D-477A-9ECD-49812D04C743', null, '2024-06-07', '1', '7C3B7D9B-A59C-4772-AB31-0898DD2BDB2A'), 
('DBFC60AA-8225-4C3C-B8F0-96560057CA65', 'D1CAB663-CA9D-477A-9ECD-49812D04C743', null, '2024-06-09', '1', '7C3B7D9B-A59C-4772-AB31-0898DD2BDB2A'), 
('BBD76B46-8A9D-4CD3-B386-DE91B9C8DCFA', 'D1CAB663-CA9D-477A-9ECD-49812D04C743', null, '2024-06-05', '1', '7C3B7D9B-A59C-4772-AB31-0898DD2BDB2A'), 
('729E281A-B542-4182-B82D-609D8FAD9B68', 'C51FD948-04B4-4044-8967-2EAE2300DA3E', null, '2024-05-28', '1', 'B4366FAF-EDDD-46E1-A50A-30ED5AE49D70'), 
('78070764-E952-401C-995C-4DA62C705C29', 'C51FD948-04B4-4044-8967-2EAE2300DA3E', null, '2024-06-10', '1', 'B4366FAF-EDDD-46E1-A50A-30ED5AE49D70'), 
('C79750D2-32FD-4639-AEE1-A8B0E37F12C0', 'C51FD948-04B4-4044-8967-2EAE2300DA3E', null, '2024-05-14', '1', 'B4366FAF-EDDD-46E1-A50A-30ED5AE49D70'), 
('C986469A-8BDE-43D3-BAC8-9B6124CAFD00', 'C51FD948-04B4-4044-8967-2EAE2300DA3E', null, '2024-06-04', '1', 'B4366FAF-EDDD-46E1-A50A-30ED5AE49D70'), 
('23DC838C-0E69-4FA5-A97C-546F6E096536', 'C51FD948-04B4-4044-8967-2EAE2300DA3E', null, '2024-05-27', '1', 'B4366FAF-EDDD-46E1-A50A-30ED5AE49D70'), 
('6527727B-26BF-48E2-9D90-8326933C49AC', 'C51FD948-04B4-4044-8967-2EAE2300DA3E', null, '2024-05-22', '1', 'B4366FAF-EDDD-46E1-A50A-30ED5AE49D70'), 
('1FEE3617-0D3A-4063-AF72-3A0CBBF23D88', 'C51FD948-04B4-4044-8967-2EAE2300DA3E', null, '2024-05-22', '1', 'B4366FAF-EDDD-46E1-A50A-30ED5AE49D70'), 
('E7388200-031A-49BD-A0E8-7E38E3E6557C', 'C51FD948-04B4-4044-8967-2EAE2300DA3E', null, '2024-05-25', '1', 'B4366FAF-EDDD-46E1-A50A-30ED5AE49D70'), 
('7CFAA067-38BA-47CD-BA34-1B5B751DF179', 'C51FD948-04B4-4044-8967-2EAE2300DA3E', null, '2024-05-17', '1', 'B4366FAF-EDDD-46E1-A50A-30ED5AE49D70'), 
('1042DF09-6582-4752-A7EC-CF0BE9C3BE68', 'C51FD948-04B4-4044-8967-2EAE2300DA3E', null, '2024-05-24', '1', 'B4366FAF-EDDD-46E1-A50A-30ED5AE49D70'), 
('DB123DC4-1EEE-4DFE-8B8D-9821E19D7E69', 'C51FD948-04B4-4044-8967-2EAE2300DA3E', null, '2024-05-25', '1', 'B4366FAF-EDDD-46E1-A50A-30ED5AE49D70'), 
('36D94761-8F2C-41CA-96AA-C5E3A89C93B8', 'C51FD948-04B4-4044-8967-2EAE2300DA3E', null, '2024-05-29', '1', 'B4366FAF-EDDD-46E1-A50A-30ED5AE49D70'), 
('5C7D16ED-4197-4D63-9898-9AE9E40257F7', 'C51FD948-04B4-4044-8967-2EAE2300DA3E', null, '2024-05-18', '1', 'B4366FAF-EDDD-46E1-A50A-30ED5AE49D70'), 
('E2FF8F5A-B275-447D-B091-90D641EAE595', 'C51FD948-04B4-4044-8967-2EAE2300DA3E', null, '2024-06-08', '1', 'B4366FAF-EDDD-46E1-A50A-30ED5AE49D70'), 
('71EC1080-F1F0-4781-8755-61C82D0E94F2', 'C51FD948-04B4-4044-8967-2EAE2300DA3E', null, '2024-05-15', '1', 'B4366FAF-EDDD-46E1-A50A-30ED5AE49D70'), 
('FB597D90-1F56-4512-9FD7-56C251B30C32', 'C51FD948-04B4-4044-8967-2EAE2300DA3E', null, '2024-05-27', '1', 'B4366FAF-EDDD-46E1-A50A-30ED5AE49D70'), 
('C1679EB4-EA5F-479D-9CDB-16D2F305F872', 'C51FD948-04B4-4044-8967-2EAE2300DA3E', null, '2024-05-22', '1', 'B4366FAF-EDDD-46E1-A50A-30ED5AE49D70'), 
('00103F98-A2ED-4921-BB38-BE1EF193EE9A', 'C51FD948-04B4-4044-8967-2EAE2300DA3E', null, '2024-05-27', '1', 'B4366FAF-EDDD-46E1-A50A-30ED5AE49D70'), 
('07C770B5-EA73-465A-8451-B8B6590C78CD', 'C51FD948-04B4-4044-8967-2EAE2300DA3E', null, '2024-05-30', '1', 'B4366FAF-EDDD-46E1-A50A-30ED5AE49D70'), 
('1401D2E3-DC59-4166-B9C7-A67DA4136992', 'C51FD948-04B4-4044-8967-2EAE2300DA3E', null, '2024-05-31', '1', 'B4366FAF-EDDD-46E1-A50A-30ED5AE49D70'), 
('91B1F18E-8CCC-40A3-BAFE-2CF03603ADD2', 'C51FD948-04B4-4044-8967-2EAE2300DA3E', null, '2024-06-04', '1', 'B4366FAF-EDDD-46E1-A50A-30ED5AE49D70'), 
('885468E3-FF25-420C-8DD1-AA88260BA683', 'C51FD948-04B4-4044-8967-2EAE2300DA3E', null, '2024-05-23', '1', 'B4366FAF-EDDD-46E1-A50A-30ED5AE49D70'), 
('023428F5-643F-4FC2-B75F-521F32E6CA77', 'C51FD948-04B4-4044-8967-2EAE2300DA3E', null, '2024-05-28', '1', 'B4366FAF-EDDD-46E1-A50A-30ED5AE49D70'), 
('82DB889F-7AD0-4082-94C9-64C211789930', 'C51FD948-04B4-4044-8967-2EAE2300DA3E', null, '2024-05-15', '1', 'B4366FAF-EDDD-46E1-A50A-30ED5AE49D70'), 
('B74814E9-6117-466E-AF87-FCA382F7CB7E', 'C51FD948-04B4-4044-8967-2EAE2300DA3E', null, '2024-05-19', '1', 'B4366FAF-EDDD-46E1-A50A-30ED5AE49D70'), 
('FB1FBFF1-685E-4276-8B8F-C0CA7C1DECD6', 'C51FD948-04B4-4044-8967-2EAE2300DA3E', null, '2024-06-05', '1', 'B4366FAF-EDDD-46E1-A50A-30ED5AE49D70'), 
('BBD76B46-8A9D-4CD3-B386-DE91B9C8DCFA', 'C51FD948-04B4-4044-8967-2EAE2300DA3E', null, '2024-06-07', '1', 'B4366FAF-EDDD-46E1-A50A-30ED5AE49D70'), 
('36D94761-8F2C-41CA-96AA-C5E3A89C93B8', 'C7685588-FCE5-4EAD-AEA6-163B00A1EC2F', null, '2024-05-29', '1', '7C3B7D9B-A59C-4772-AB31-0898DD2BDB2A'), 
('023428F5-643F-4FC2-B75F-521F32E6CA77', 'C7685588-FCE5-4EAD-AEA6-163B00A1EC2F', null, '2024-05-24', '1', '7C3B7D9B-A59C-4772-AB31-0898DD2BDB2A'), 
('5C7D16ED-4197-4D63-9898-9AE9E40257F7', 'C7685588-FCE5-4EAD-AEA6-163B00A1EC2F', null, '2024-05-14', '1', '7C3B7D9B-A59C-4772-AB31-0898DD2BDB2A'), 
('9153C2B9-0008-4B3A-A171-2F950F5780E7', 'C7685588-FCE5-4EAD-AEA6-163B00A1EC2F', null, '2024-05-28', '1', '7C3B7D9B-A59C-4772-AB31-0898DD2BDB2A'), 
('BBD76B46-8A9D-4CD3-B386-DE91B9C8DCFA', 'C7685588-FCE5-4EAD-AEA6-163B00A1EC2F', null, '2024-05-06', '1', '7C3B7D9B-A59C-4772-AB31-0898DD2BDB2A'), 
('C986469A-8BDE-43D3-BAC8-9B6124CAFD00', 'C7685588-FCE5-4EAD-AEA6-163B00A1EC2F', null, '2024-05-20', '1', '7C3B7D9B-A59C-4772-AB31-0898DD2BDB2A'), 
('729E281A-B542-4182-B82D-609D8FAD9B68', 'C7685588-FCE5-4EAD-AEA6-163B00A1EC2F', null, '2024-05-05', '1', '7C3B7D9B-A59C-4772-AB31-0898DD2BDB2A'), 
('07C770B5-EA73-465A-8451-B8B6590C78CD', 'C7685588-FCE5-4EAD-AEA6-163B00A1EC2F', null, '2024-05-13', '1', '7C3B7D9B-A59C-4772-AB31-0898DD2BDB2A'), 
('C1679EB4-EA5F-479D-9CDB-16D2F305F872', 'C7685588-FCE5-4EAD-AEA6-163B00A1EC2F', null, '2024-05-28', '1', '7C3B7D9B-A59C-4772-AB31-0898DD2BDB2A'), 
('B74814E9-6117-466E-AF87-FCA382F7CB7E', 'C7685588-FCE5-4EAD-AEA6-163B00A1EC2F', null, '2024-05-27', '1', '7C3B7D9B-A59C-4772-AB31-0898DD2BDB2A'), 
('7CFAA067-38BA-47CD-BA34-1B5B751DF179', 'C7685588-FCE5-4EAD-AEA6-163B00A1EC2F', null, '2024-05-04', '1', '7C3B7D9B-A59C-4772-AB31-0898DD2BDB2A'), 
('FB597D90-1F56-4512-9FD7-56C251B30C32', 'C7685588-FCE5-4EAD-AEA6-163B00A1EC2F', null, '2024-06-02', '1', '7C3B7D9B-A59C-4772-AB31-0898DD2BDB2A'), 
('FB1FBFF1-685E-4276-8B8F-C0CA7C1DECD6', 'C7685588-FCE5-4EAD-AEA6-163B00A1EC2F', null, '2024-05-12', '1', '7C3B7D9B-A59C-4772-AB31-0898DD2BDB2A'), 
('C79750D2-32FD-4639-AEE1-A8B0E37F12C0', 'C7685588-FCE5-4EAD-AEA6-163B00A1EC2F', null, '2024-05-21', '1', '7C3B7D9B-A59C-4772-AB31-0898DD2BDB2A'), 
('91B1F18E-8CCC-40A3-BAFE-2CF03603ADD2', 'C7685588-FCE5-4EAD-AEA6-163B00A1EC2F', null, '2024-05-27', '1', '7C3B7D9B-A59C-4772-AB31-0898DD2BDB2A'), 
('78070764-E952-401C-995C-4DA62C705C29', 'C7685588-FCE5-4EAD-AEA6-163B00A1EC2F', null, '2024-05-05', '1', '7C3B7D9B-A59C-4772-AB31-0898DD2BDB2A'), 
('1401D2E3-DC59-4166-B9C7-A67DA4136992', 'C7685588-FCE5-4EAD-AEA6-163B00A1EC2F', null, '2024-05-06', '1', '7C3B7D9B-A59C-4772-AB31-0898DD2BDB2A'), 
('00103F98-A2ED-4921-BB38-BE1EF193EE9A', 'C7685588-FCE5-4EAD-AEA6-163B00A1EC2F', null, '2024-06-02', '1', '7C3B7D9B-A59C-4772-AB31-0898DD2BDB2A'), 
('6527727B-26BF-48E2-9D90-8326933C49AC', 'C7685588-FCE5-4EAD-AEA6-163B00A1EC2F', null, '2024-05-07', '1', '7C3B7D9B-A59C-4772-AB31-0898DD2BDB2A'), 
('82DB889F-7AD0-4082-94C9-64C211789930', 'C7685588-FCE5-4EAD-AEA6-163B00A1EC2F', null, '2024-06-01', '1', '7C3B7D9B-A59C-4772-AB31-0898DD2BDB2A'), 
('E7388200-031A-49BD-A0E8-7E38E3E6557C', 'C7685588-FCE5-4EAD-AEA6-163B00A1EC2F', null, '2024-05-16', '1', '7C3B7D9B-A59C-4772-AB31-0898DD2BDB2A'), 
('885468E3-FF25-420C-8DD1-AA88260BA683', 'C7685588-FCE5-4EAD-AEA6-163B00A1EC2F', null, '2024-05-14', '1', '7C3B7D9B-A59C-4772-AB31-0898DD2BDB2A'), 
('EFD373C7-9D5B-4333-97F2-112CDA29C3C0', 'C7685588-FCE5-4EAD-AEA6-163B00A1EC2F', null, '2024-06-03', '1', '7C3B7D9B-A59C-4772-AB31-0898DD2BDB2A'), 
('1FEE3617-0D3A-4063-AF72-3A0CBBF23D88', 'C7685588-FCE5-4EAD-AEA6-163B00A1EC2F', null, '2024-05-20', '1', '7C3B7D9B-A59C-4772-AB31-0898DD2BDB2A'), 
('1FEE3617-0D3A-4063-AF72-3A0CBBF23D88', '7AB8A943-700C-4641-98F1-62DE66492136', null, '2024-04-12', '1', '826604F6-5D17-4504-BF3F-A748E006F9C0'), 
('DB123DC4-1EEE-4DFE-8B8D-9821E19D7E69', '0DECEF5A-9EE4-46E3-A413-8312B9C401A8', null, '2024-06-17', '1', '7C3B7D9B-A59C-4772-AB31-0898DD2BDB2A'), 
('1FEE3617-0D3A-4063-AF72-3A0CBBF23D88', '0DECEF5A-9EE4-46E3-A413-8312B9C401A8', null, '2024-06-03', '1', '7C3B7D9B-A59C-4772-AB31-0898DD2BDB2A'), 
('FB1FBFF1-685E-4276-8B8F-C0CA7C1DECD6', '0DECEF5A-9EE4-46E3-A413-8312B9C401A8', null, '2024-06-14', '1', '7C3B7D9B-A59C-4772-AB31-0898DD2BDB2A'), 
('82DB889F-7AD0-4082-94C9-64C211789930', '0DECEF5A-9EE4-46E3-A413-8312B9C401A8', null, '2024-06-16', '1', '7C3B7D9B-A59C-4772-AB31-0898DD2BDB2A'), 
('C1679EB4-EA5F-479D-9CDB-16D2F305F872', '0DECEF5A-9EE4-46E3-A413-8312B9C401A8', null, '2024-06-19', '1', '7C3B7D9B-A59C-4772-AB31-0898DD2BDB2A'), 
('6AFAAAC6-75AC-4A2B-8AC8-D13770266185', '0DECEF5A-9EE4-46E3-A413-8312B9C401A8', null, '2024-06-04', '1', '7C3B7D9B-A59C-4772-AB31-0898DD2BDB2A'), 
('7CFAA067-38BA-47CD-BA34-1B5B751DF179', '0DECEF5A-9EE4-46E3-A413-8312B9C401A8', null, '2024-05-26', '1', '7C3B7D9B-A59C-4772-AB31-0898DD2BDB2A'), 
('1042DF09-6582-4752-A7EC-CF0BE9C3BE68', '0DECEF5A-9EE4-46E3-A413-8312B9C401A8', null, '2024-05-31', '1', '7C3B7D9B-A59C-4772-AB31-0898DD2BDB2A'), 
('23DC838C-0E69-4FA5-A97C-546F6E096536', '0DECEF5A-9EE4-46E3-A413-8312B9C401A8', null, '2024-06-03', '1', '7C3B7D9B-A59C-4772-AB31-0898DD2BDB2A'), 
('C79750D2-32FD-4639-AEE1-A8B0E37F12C0', '0DECEF5A-9EE4-46E3-A413-8312B9C401A8', null, '2024-06-15', '1', '7C3B7D9B-A59C-4772-AB31-0898DD2BDB2A'), 
('E2FF8F5A-B275-447D-B091-90D641EAE595', '0DECEF5A-9EE4-46E3-A413-8312B9C401A8', null, '2024-05-27', '1', '7C3B7D9B-A59C-4772-AB31-0898DD2BDB2A'), 
('023428F5-643F-4FC2-B75F-521F32E6CA77', '0DECEF5A-9EE4-46E3-A413-8312B9C401A8', null, '2024-06-21', '1', '7C3B7D9B-A59C-4772-AB31-0898DD2BDB2A'), 
('9153C2B9-0008-4B3A-A171-2F950F5780E7', '0DECEF5A-9EE4-46E3-A413-8312B9C401A8', null, '2024-06-16', '1', '7C3B7D9B-A59C-4772-AB31-0898DD2BDB2A'), 
('71EC1080-F1F0-4781-8755-61C82D0E94F2', '0DECEF5A-9EE4-46E3-A413-8312B9C401A8', null, '2024-05-29', '1', '7C3B7D9B-A59C-4772-AB31-0898DD2BDB2A'), 
('1401D2E3-DC59-4166-B9C7-A67DA4136992', '0DECEF5A-9EE4-46E3-A413-8312B9C401A8', null, '2024-06-04', '1', '7C3B7D9B-A59C-4772-AB31-0898DD2BDB2A'), 
('00103F98-A2ED-4921-BB38-BE1EF193EE9A', '0DECEF5A-9EE4-46E3-A413-8312B9C401A8', null, '2024-06-08', '1', '7C3B7D9B-A59C-4772-AB31-0898DD2BDB2A'), 
('885468E3-FF25-420C-8DD1-AA88260BA683', '0DECEF5A-9EE4-46E3-A413-8312B9C401A8', null, '2024-06-13', '1', '7C3B7D9B-A59C-4772-AB31-0898DD2BDB2A'), 
('EFD373C7-9D5B-4333-97F2-112CDA29C3C0', '0DECEF5A-9EE4-46E3-A413-8312B9C401A8', null, '2024-05-31', '1', '7C3B7D9B-A59C-4772-AB31-0898DD2BDB2A'), 
('E7388200-031A-49BD-A0E8-7E38E3E6557C', '8A021E4E-0030-4558-951D-FE69781B622D', null, '2024-06-04', '1', '7C3B7D9B-A59C-4772-AB31-0898DD2BDB2A'), 
('885468E3-FF25-420C-8DD1-AA88260BA683', '8A021E4E-0030-4558-951D-FE69781B622D', null, '2024-05-11', '1', '7C3B7D9B-A59C-4772-AB31-0898DD2BDB2A'), 
('EFD373C7-9D5B-4333-97F2-112CDA29C3C0', '8A021E4E-0030-4558-951D-FE69781B622D', null, '2024-05-24', '1', '7C3B7D9B-A59C-4772-AB31-0898DD2BDB2A'), 
('1042DF09-6582-4752-A7EC-CF0BE9C3BE68', '8A021E4E-0030-4558-951D-FE69781B622D', null, '2024-05-18', '1', '7C3B7D9B-A59C-4772-AB31-0898DD2BDB2A'), 
('B74814E9-6117-466E-AF87-FCA382F7CB7E', '8A021E4E-0030-4558-951D-FE69781B622D', null, '2024-06-06', '1', '7C3B7D9B-A59C-4772-AB31-0898DD2BDB2A'), 
('00103F98-A2ED-4921-BB38-BE1EF193EE9A', '8A021E4E-0030-4558-951D-FE69781B622D', null, '2024-05-25', '1', '7C3B7D9B-A59C-4772-AB31-0898DD2BDB2A'), 
('1FEE3617-0D3A-4063-AF72-3A0CBBF23D88', '8A021E4E-0030-4558-951D-FE69781B622D', null, '2024-05-12', '1', '7C3B7D9B-A59C-4772-AB31-0898DD2BDB2A'), 
('71EC1080-F1F0-4781-8755-61C82D0E94F2', '8A021E4E-0030-4558-951D-FE69781B622D', null, '2024-06-05', '1', '7C3B7D9B-A59C-4772-AB31-0898DD2BDB2A'), 
('5C7D16ED-4197-4D63-9898-9AE9E40257F7', '8A021E4E-0030-4558-951D-FE69781B622D', null, '2024-05-15', '1', '7C3B7D9B-A59C-4772-AB31-0898DD2BDB2A'), 
('DB123DC4-1EEE-4DFE-8B8D-9821E19D7E69', '8A021E4E-0030-4558-951D-FE69781B622D', null, '2024-05-08', '1', '7C3B7D9B-A59C-4772-AB31-0898DD2BDB2A'), 
('6AFAAAC6-75AC-4A2B-8AC8-D13770266185', '8A021E4E-0030-4558-951D-FE69781B622D', null, '2024-05-09', '1', '7C3B7D9B-A59C-4772-AB31-0898DD2BDB2A'), 
('023428F5-643F-4FC2-B75F-521F32E6CA77', '8A021E4E-0030-4558-951D-FE69781B622D', null, '2024-05-20', '1', '7C3B7D9B-A59C-4772-AB31-0898DD2BDB2A'), 
('729E281A-B542-4182-B82D-609D8FAD9B68', '8A021E4E-0030-4558-951D-FE69781B622D', null, '2024-05-31', '1', '7C3B7D9B-A59C-4772-AB31-0898DD2BDB2A'), 
('FB597D90-1F56-4512-9FD7-56C251B30C32', '8A021E4E-0030-4558-951D-FE69781B622D', null, '2024-06-04', '1', '7C3B7D9B-A59C-4772-AB31-0898DD2BDB2A'), 
('BBD76B46-8A9D-4CD3-B386-DE91B9C8DCFA', '8A021E4E-0030-4558-951D-FE69781B622D', null, '2024-05-27', '1', '7C3B7D9B-A59C-4772-AB31-0898DD2BDB2A'), 
('1FEE3617-0D3A-4063-AF72-3A0CBBF23D88', 'EBDA3819-3B78-413D-9F36-103A62AF2CCD', null, '2024-05-23', '1', 'B4366FAF-EDDD-46E1-A50A-30ED5AE49D70'), 
('DBFC60AA-8225-4C3C-B8F0-96560057CA65', 'EBDA3819-3B78-413D-9F36-103A62AF2CCD', null, '2024-06-05', '1', 'B4366FAF-EDDD-46E1-A50A-30ED5AE49D70'), 
('C1679EB4-EA5F-479D-9CDB-16D2F305F872', 'EBDA3819-3B78-413D-9F36-103A62AF2CCD', null, '2024-06-06', '1', 'B4366FAF-EDDD-46E1-A50A-30ED5AE49D70'), 
('EFD373C7-9D5B-4333-97F2-112CDA29C3C0', 'EBDA3819-3B78-413D-9F36-103A62AF2CCD', null, '2024-06-06', '1', 'B4366FAF-EDDD-46E1-A50A-30ED5AE49D70'), 
('E2FF8F5A-B275-447D-B091-90D641EAE595', 'EBDA3819-3B78-413D-9F36-103A62AF2CCD', null, '2024-05-24', '1', 'B4366FAF-EDDD-46E1-A50A-30ED5AE49D70'), 
('1401D2E3-DC59-4166-B9C7-A67DA4136992', 'EBDA3819-3B78-413D-9F36-103A62AF2CCD', null, '2024-06-08', '1', 'B4366FAF-EDDD-46E1-A50A-30ED5AE49D70'), 
('BBD76B46-8A9D-4CD3-B386-DE91B9C8DCFA', 'EBDA3819-3B78-413D-9F36-103A62AF2CCD', null, '2024-06-16', '1', 'B4366FAF-EDDD-46E1-A50A-30ED5AE49D70'), 
('E7388200-031A-49BD-A0E8-7E38E3E6557C', 'EBDA3819-3B78-413D-9F36-103A62AF2CCD', null, '2024-06-16', '1', 'B4366FAF-EDDD-46E1-A50A-30ED5AE49D70'), 
('71EC1080-F1F0-4781-8755-61C82D0E94F2', 'EBDA3819-3B78-413D-9F36-103A62AF2CCD', null, '2024-05-27', '1', 'B4366FAF-EDDD-46E1-A50A-30ED5AE49D70'), 
('C986469A-8BDE-43D3-BAC8-9B6124CAFD00', 'EBDA3819-3B78-413D-9F36-103A62AF2CCD', null, '2024-06-14', '1', 'B4366FAF-EDDD-46E1-A50A-30ED5AE49D70');